;igual;diferentes;todos
clasica;36,4;18,2;54,5
jazz;100,0;100,0;100,0
kar;100,0;100,0;100,0
clasica;cl200;0.01;36.3636363636;4.0;7.0
clasica;jzkr200;0.01;18.1818181818;2.0;9.0
clasica;cljzkr200;0.01;54.5454545455;6.0;5.0
jazz;jz200;0.01;100.0;11.0;0.0
jazz;clkr200;0.01;100.0;11.0;0.0
jazz;cljzkr200;0.01;100.0;11.0;0.0
kar;kr200;0.01;100.0;11.0;0.0
kar;cljz200;0.01;100.0;11.0;0.0
kar;cljzkr200;0.01;100.0;11.0;0.0



