;igual;diferentes;todos
clasica;70,6;52,3;56,4
jazz;99,9;100,0;100,0
kar;95,7;92,6;94,9


clasica;cl200;0.01;70.6457925636;361.0;150.0
clasica;jzkr200;0.01;52.2504892368;267.0;244.0
clasica;cljzkr200;0.01;56.3600782779;288.0;223.0
jazz;jz200;0.01;99.8831775701;855.0;1.0
jazz;clkr200;0.01;100.0;856.0;0.0
jazz;cljzkr200;0.01;100.0;856.0;0.0
kar;kr200;0.01;95.7352941176;1302.0;58.0
kar;cljz200;0.01;92.5735294118;1259.0;101.0
kar;cljzkr200;0.01;94.8529411765;1290.0;70.0

